|Name|Symbol
|Agilent Technologies|A
|Alcoa|AA
|Ares Acquisition Corp.|AAC
|American Airlines|AAL
|AAON|AAON
|Advance Auto Parts|AAP
|Apple|AAPL
|Atlas Air|AAWW
|ABB|ABB
|AbbVie|ABBV
|AmerisourceBergen|ABC
|Ameris Bancorp|ABCB
|Abcam|ABCM
|Ambev|ABEV
|Asbury Automotive Group|ABG
|ABM Industries|ABM
|Abiomed|ABMD
|Airbnb Inc|ABNB
|Abbott Labs|ABT
|Arcosa|ACA
|Acadia Pharmaceuticals|ACAD
|American Campus Communities|ACC
|Accolade|ACCD
|ACE Convergence Acquisition Corp|ACEV
|Arch Capital Group|ACGL
|Aluminum Corporation Of China|ACH
|Acadia Healthcare|ACHC
|Archer Aviation|ACHR
|Albertsons|ACI
|ACI Worldwide|ACIW
|Axcelis Technologies Inc|ACLS
|AECOM|ACM
|Accenture Plc|ACN
|Enact Holdings|ACT
|Adobe|ADBE
|26 Capital Acquisition Corp|ADER
|Analog Devices|ADI
|Archer-Daniels-Midland|ADM
|Adient|ADNT
|Automatic Data Processing|ADP
|Adaptive Biotechnologies|ADPT
|Autodesk|ADSK
|Addus HomeCare|ADUS
|Ameren Corporation|AEE
|Advanced Energy Industries|AEIS
|American Equity Investment Life|AEL
|Agnico Eagle Mines|AEM
|American Eagle Outfitters|AEO
|American Electric Power|AEP
|AerCap|AER
|The AES Corporation|AES
|American Financial Group|AFG
|Aflac|AFL
|Affirm Holdings|AFRM
|Afya|AFYA
|First Majestic Silver Corp|AG
|AGCO Corporation|AGCO
|Agios Pharmaceuticals|AGIO
|Agilon Health|AGL
|AGNC Investment|AGNC
|Assured Guaranty|AGO
|Avangrid|AGR
|Adecoagro|AGRO
|Agiliti|AGTI
|Agilysys|AGYS
|C3.ai Inc|AI
|AIG|AIG
|Altra Industrial Motion|AIMC
|Albany International|AIN
|AAR Corp.|AIR
|Applied Industrial Technologies|AIT
|Assurant|AIZ
|Arthur J Gallagher & Co.|AJG
|Aerojet Rocketdyne|AJRD
|Akamai Technologies|AKAM
|Air Lease Corporation|AL
|Albemarle Corporation|ALB
|Alcon|ALC
|AltC Acquisition Corp.|ALCC
|Allete|ALE
|Alector|ALEC
|Alexander & Baldwin|ALEX
|Allegro Microsystems|ALGM
|Align Technology|ALGN
|Allgiant|ALGT
|Alight|ALIT
|Alaska Air Group|ALK
|Alkermes|ALKS
|Alkami Technology|ALKT
|Allstate|ALL
|Allegion|ALLE
|Allot Communications|ALLT
|Ally Financial|ALLY
|Alnylam Pharmaceuticals|ALNY
|AlerisLife|ALR
|Alarm.com|ALRM
|Allison Transmission|ALSN
|Altair Engineering|ALTR
|Autoliv|ALV
|Alexander's|ALX
|Antero Midstream Partners LP|AM
|Applied Materials|AMAT
|Ambarella|AMBA
|AMC|AMC
|Amcor|AMCR
|AMC Networks|AMCX
|Advanced Micro Devices|AMD
|Ametek|AME
|Amedisys|AMED
|Apollo Medical Holdings|AMEH
|Affiliated Managers Group|AMG
|Amgen|AMGN
|American Homes 4 Rent|AMH
|AssetMark Financial Holdings|AMK
|Amkor Technology|AMKR
|Amylyx Pharmaceuticals|AMLX
|AMN Healthcare Services|AMN
|Ameriprise Financial|AMP
|Ameresco|AMRC
|Amneal Pharmaceuticals|AMRX
|Amerisafe|AMSF
|American Tower|AMT
|Amazon|AMZN
|AutoNation Inc|AN
|Arista Networks|ANET
|Abercrombie & Fitch|ANF
|ANGI Homeservices|ANGI
|Ansys|ANSS
|Aon|AON
|AO Smith|AOS
|Apache|APA
|Air Products and Chemicals|APD
|Amphenol|APH
|Apple Hospitality REIT Inc|APLE
|Apollo Global Management|APO
|Apogee Enterprises|APOG
|AppLovin Corp|APP
|Appfolio|APPF
|Appian Corporation|APPN
|Digital Turbine|APPS
|Algonquin Power & Utilities|AQN
|Evoqua Water Technologies|AQUA
|Antero Resources Corporation|AR
|ArcBest Corp|ARCB
|Ares Capital|ARCC
|Arch Resources|ARCH
|Arcturus Therapeutics Holdings Inc|ARCT
|argenx|ARGX
|Apollo Commercial Real Estate Finance|ARI
|Aramark|ARMK
|Arconic|ARNC
|ARMOUR Residential|ARR
|Arrival Group|ARVL
|Arrow Electronics|ARW
|Asana Inc|ASAN
|Associated Banc Corp|ASB
|ASGN|ASGN
|ASML Holding|ASML
|Ascendis Pharma AS|ASND
|Academy Sports and Outdoors Inc|ASO
|Atlas|ATCO
|Alphatec Holdings|ATEC
|Anterix|ATEX
|Autohome|ATHM
|Allegheny Technologies|ATI
|Atkore|ATKR
|Atmos Energy|ATO
|AptarGroup|ATR
|AtriCure|ATRC
|Atrion|ATRI
|Air Transport Services Group|ATSG
|Altice USA|ATUS
|Activision Blizzard|ATVI
|AngloGold Ashanti|AU
|Atlantic Union Bankshares|AUB
|Yamana Gold|AUY
|Avista Corporation|AVA
|AvalonBay Communities|AVB
|Broadcom|AVGO
|Avalara|AVLR
|Avient Corp|AVNT
|AvePoint|AVPT
|Avnet|AVT
|Avantor|AVTR
|Avery Dennison|AVY
|Avaya|AVYA
|American Water Works|AWK
|American States Water Company|AWR
|Axos Financial|AX
|American Axle & Manufacturing|AXL
|Axon Enterprise Inc|AXON
|American Express|AXP
|Axalta Coating Systems|AXTA
|Atlantica Sustainable Infrastructure|AY
|Acuity Brands|AYI
|Alteryx|AYX
|Azek Company|AZEK
|AstraZeneca PLC|AZN
|AutoZone|AZO
|Aspen Technology|AZPN
|Barnes|B
|Boeing|BA
|Alibaba|BABA
|Bank of America|BAC
|Booz Allen Hamilton|BAH
|Braskem|BAK
|Ball Corporation|BALL
|Bally's|BALY
|Brookfield Asset Management Inc.|BAM
|Brookfield Asset Management Reinsurance Partners|BAMR
|Banc of California|BANC
|BancFirst Corporation|BANF
|Banner Corporation|BANR
|Credicorp|BAP
|Bark|BARK
|Couchbase|BASE
|Liberty Media Corp Braves A|BATRA
|Baxter|BAX
|BlackBerry|BB
|BBVA Banco Francés|BBAR
|Bed, Bath & Beyond Inc.|BBBY
|Banco Bradesco S.A. - Preferred Shares|BBD
|Brookfield Business Partners|BBU
|Bath&Body Works|BBWI
|Best Buy|BBY
|Brunswick Corporation|BC
|Boise Cascade|BCC
|BCE|BCE
|Banco De Chile|BCH
|Brink's|BCO
|Balchem Corporation|BCPC
|BioCryst Pharmaceuticals|BCRX
|Barclays PLC|BCS
|Bain Capital Specialty|BCSF
|Bicycle Therapeutics|BCYC
|Belden|BDC
|Becton Dickinson|BDX
|Bloom Energy|BE
|Beacon Roofing Supply|BECN
|Ke Holdings|BEKE
|Franklin Resources|BEN
|Brookfield Renewable Partners|BEP
|Brookfield Renewable Corporation|BEPC
|Berry Global|BERY
|Brown Forman - Class A|BF.A
|Brown Forman|BF.B
|Bright Horizons Family Solutions|BFAM
|Saul Centers|BFS
|Bunge|BG
|BeiGene|BGNE
|Bausch Health Companies|BHC
|Brighthouse Financial|BHF
|BHP Billiton|BHP
|Baidu|BIDU
|Biogen|BIIB
|Bilibili|BILI
|Bill.com Holdings|BILL
|Bio-Rad Laboratories|BIO
|Brookfield Infrastructure Partners|BIP
|Brookfield Infrastructure Corp|BIPC
|BJ's Wholesale Club Holdings|BJ
|BNY Mellon|BK
|Buckle|BKE
|Black Hills Corporation|BKH
|Black Knight|BKI
|Bakkt|BKKT
|Booking|BKNG
|Baker Hughes|BKR
|BankUnited|BKU
|BlackLine|BL
|Ballard Power Systems|BLDP
|BlackRock|BLK
|Blackbaud|BLKB
|Blink Charging|BLNK
|Banco Macro|BMA
|Bumble Inc.|BMBL
|Badger Meter Inc|BMI
|Bank of Montreal|BMO
|Biomarin Pharmaceutical|BMRN
|Bristol-Myers Squibb|BMY
|Bank of Nova Scotia|BNS
|BioNTech SE|BNTX
|Bank of Hawaii Corporation|BOH
|BOK Financial|BOKF
|Boot Barn Holdings Inc|BOOT
|Box|BOX
|BP plc|BP
|Popular|BPOP
|Broadridge Financial Solutions|BR
|BellRing Brands|BRBR
|Brady Corporation|BRC
|BRF|BRFS
|Berkshire Hathaway|BRK.B
|Brookline Bancorp|BRKL
|Bruker Corporation|BRKR
|Brown & Brown|BRO
|Dutch Bros|BROS
|Brp Group Inc|BRP
|Brixmor Property Group|BRX
|Braze|BRZE
|Banco Santander Chile|BSAC
|Banco Santander (Brasil)|BSBR
|Grupo Financiero Santander Mexico|BSMX
|Boston Scientific|BSX
|Bentley Systems|BSY
|B2Gold Corporation|BTG
|Peabody Energy Corporation|BTU
|BTWN|BTWN
|Anheuser Busch Inbev NV|BUD
|Burlington Stores|BURL
|Compañía de Minas Buenaventura|BVN
|BorgWarner|BWA
|Blackstone|BX
|Boston Properties|BXP
|Boyd Gaming Corporation|BYD
|Beyond Meat|BYND
|Baozun Inc|BZUN
|Citigroup|C
|Cable One|CABO
|Credit Acceptance|CACC
|Cadence Bancorp|CADE
|CAE|CAE
|ConAgra Foods|CAG
|Cardinal Health|CAH
|Canon|CAJ
|The Cheesecake Factory|CAKE
|Calix|CALX
|Cano Health|CANO
|Avis Budget Group|CAR
|CarGurus|CARG
|Carrier Global Corp|CARR
|Cars.com|CARS
|Casey's General Stores|CASY
|Caterpillar|CAT
|Cathay General Bancorp|CATY
|Chubb|CB
|CBL & Associates Properties|CBL
|CBOE Holdings|CBOE
|CBRE Group|CBRE
|Cracker Barrel Old Country Store|CBRL
|Commerce Bancshares|CBSH
|Cabot Corporation|CBT
|Community Bank System|CBU
|Chemours Company, The|CC
|C4 Therapeutics|CCCC
|CCC Intelligent Solutions|CCCS
|Crown Castle|CCI
|Crown Holdings|CCK
|Carnival|CCL
|CMC Materials|CCMP
|Cogent Communications Holdings|CCOI
|Ceridian HCM Holding|CDAY
|Coeur Mining|CDE
|CDK Global Holdings|CDK
|Cardlytics|CDLX
|Cadence Design Systems|CDNS
|CDW|CDW
|Codexis|CDXS
|Celanese|CE
|Constellation Energy Corp|CEG
|Consol Energy Inc|CEIX
|Celsius Holdings|CELH
|Central Garden & Pet|CENT
|Certara|CERT
|Central Securities Corporation|CET
|CF Industries Holdings|CF
|Citizens Financial Group|CFG
|Confluent|CFLT
|Frost Bank|CFR
|Carlyle Group|CG
|Canopy Growth Corporation|CGC
|Cognex Corporation|CGNX
|City Holding Co|CHCO
|Church & Dwight|CHD
|Churchill Downs|CHDN
|Chef's Warehouse|CHEF
|Chegg|CHGG
|Choice Hotels International|CHH
|Chesapeake Energy Corp.|CHK
|Check Point Software Technologies|CHKP
|Change Healthcare Inc|CHNG
|ChargePoint Holdings|CHPT
|Chord Energy|CHRD
|CH Robinson Worldwide|CHRW
|Chico's FAS|CHS
|Chunghwa Telecom|CHT
|Charter Communications|CHTR
|Chewy|CHWY
|Cigna|CI
|Ciena Corporation|CIEN
|Companhia Energética de Minas Gerais|CIG
|Colliers International Group|CIGI
|Chimera Investment|CIM
|Cincinnati Financial|CINF
|CI Financial Corp|CIXX
|Colgate-Palmolive|CL
|Cellebrite|CLBT
|Celldex Therapeutics|CLDX
|Cleveland-Cliffs Inc.|CLF
|Clean Harbors Inc|CLH
|Clean Energy Fuels|CLNE
|Continental Resources|CLR
|Celestica|CLS
|Clarivate|CLVT
|The Clorox Company|CLX
|Canadian Imperial Bank Of Commerce|CM
|Comerica|CMA
|Commercial Metals Company|CMC
|Comcast|CMCSA
|CME Group (Class A)|CME
|Chipotle Mexican Grill|CMG
|Cummins|CMI
|Compass Minerals|CMP
|Cimpress|CMPR
|Costamare|CMRE
|CMS Energy|CMS
|Claros Mortgage Trust|CMTG
|CNA Financial|CNA
|Centene|CNC
|Conduent|CNDT
|CNH Industrial|CNHI
|Canadian National Railway Company|CNI
|Cinemark Holdings|CNK
|Core & Main|CNM
|CONMED|CNMD
|CNO Financial Group|CNO
|ConnectOne Bancorp|CNOB
|CenterPoint Energy|CNP
|Canadian Natural Resources|CNQ
|Cornerstone Building Brands|CNR
|Cohen & Steers|CNS
|CNX Resources|CNX
|Concentrix|CNXC
|PC Connection|CNXN
|The Vita Coco Company|COCO
|Compass Diversified Holdings|CODI
|Capital One|COF
|Coinbase|COIN
|Coca-Cola Bottling|COKE
|Americold Realty Trust|COLD
|Columbia Sportswear|COLM
|CommScope Holding Company|COMM
|Compass|COMP
|Conx Corp|CONX
|CooperCompanies|COO
|Mr Cooper Group|COOP
|ConocoPhillips|COP
|Corcept Therapeutics|CORT
|Costco Wholesale|COST
|Coty|COTY
|Coupa Software|COUP
|Coursera|COUR
|Cowen Group|COWN
|Canadian Pacific Railway Limited|CP
|Copa Holdings|CPA
|Campbell Soup Company|CPB
|Chesapeake Utilities|CPK
|Coupang|CPNG
|Capri Holdings|CPRI
|Copart|CPRT
|Camden Property Trust|CPT
|Cheniere Energy Partners|CQP
|Crane Co.|CR
|California Resources|CRC
|Cricut|CRCT
|Credo Technology Group|CRDO
|Cohn Robbins Holdings Corp|CRHC
|Carter’s|CRI
|Charles River Laboratories|CRL
|Salesforce|CRM
|Cerence|CRNC
|Crocs|CROX
|Carpenter Technology Corporation|CRS
|CRISPR Therapeutics AG|CRSP
|Corsair Gaming|CRSR
|Criteo|CRTO
|Cirrus Logic|CRUS
|CorVel Corporation|CRVL
|CrowdStrike|CRWD
|Cisco|CSCO
|CoStar Group|CSGP
|CSG International|CSGS
|Canadian Solar|CSIQ
|Carlisle Companies|CSL
|Castle Biosciences|CSTL
|Constellium|CSTM
|CSW Industrials|CSWI
|CSX|CSX
|Cintas|CTAS
|Cytek Biosciences|CTKB
|Catalent|CTLT
|Coterra Energy|CTRA
|CTS Corporation|CTS
|Cognizant Technology Solutions|CTSH
|Corteva|CTVA
|Citrix Systems|CTXS
|CubeSmart|CUBE
|Customers Bancorp|CUBI
|CuriosityStream|CURI
|Cutera|CUTR
|Cousins Properties|CUZ
|CureVac|CVAC
|CVB Financial Corporation|CVBF
|Cavco Industries|CVCO
|Cenovus Energy Inc|CVE
|Covetrus|CVET
|CommVault|CVLT
|Carvana Co.|CVNA
|CVS Health|CVS
|Chevron|CVX
|Curtiss-Wright Corporation|CW
|Clearwater Analytics|CWAN
|Clearway Energy|CWEN
|Camping World|CWH
|Cushman & Wakefield|CWK
|Casella Waste Systems|CWST
|California Water Service Group|CWT
|CEMEX, S.A.B. de C.V.|CX
|Sprinklr, Inc.|CXM
|CyberArk Software|CYBR
|Community Health Systems|CYH
|Cytokinetics|CYTK
|Cyxtera Technologies|CYXT
|Cazoo|CZOO
|Caesars Entertainment Inc.|CZR
|Dominion Energy|D
|Delta Air Lines|DAL
|Dana Holding|DAN
|Youdao|DAO
|Darling Ingredients|DAR
|DoorDash Inc|DASH
|Endava Ltd|DAVA
|Deutsche Bank AG|DB
|DigitalBridge Group|DBRG
|Dropbox|DBX
|Donaldson Company Inc|DCI
|Dime Community Bancshares|DCOM
|Duck Creek Technologies Inc|DCT
|DuPont|DD
|Datadog|DDOG
|Dillard's|DDS
|John Deere|DE
|Deckers Outdoor|DECK
|Dell Technologies|DELL
|Denbury Resources|DEN
|Diageo|DEO
|Donnelley Financial Solutions|DFIN
|Discover Financial Services|DFS
|Dollar General|DG
|Quest Diagnostics|DGX
|Definitive Healthcare Corp|DH
|Diversified Healthcare Trust|DHC
|DR Horton|DHI
|Danaher|DHR
|Dine Brands Global Inc|DIN
|HF Sinclair|DINO
|Diodes Incorporated|DIOD
|Walt Disney|DIS
|DISH Network|DISH
|DraftKings Inc|DKNG
|Dick's Sporting Goods|DKS
|dLocal|DLO
|Digital Realty Trust|DLR
|Dollar Tree|DLTR
|Deluxe Corporation|DLX
|Now|DNOW
|Krispy Kreme|DNUT
|DigitalOcean Holdings|DOCN
|Doximity|DOCS
|DocuSign|DOCU
|Bombardier Recreational Products|DOOO
|Masonite International Corp|DOOR
|Dorman Products|DORM
|Douglas Elliman|DOUG
|Dover Corporation|DOV
|The Dow Chemical Company|DOW
|Amdocs|DOX
|Domino's Pizza|DPZ
|Daqo New Energy Corp|DQ
|Duke Realty|DRE
|Darden Restaurants|DRI
|Dril-Quip|DRQ
|Dynatrace|DT
|DTE Energy Co|DTE
|DT Midstream|DTM
|Duke Energy|DUK
|Duolingo|DUOL
|DaVita HealthCare Partners|DVA
|Devon Energy|DVN
|Digital World Acquisition Corp.|DWAC
|DXC Technology|DXC
|DexCom Inc|DXCM
|Dycom Industries Inc|DY
|Electronic Arts|EA
|Eventbrite|EB
|eBay|EBAY
|Ecolab|ECL
|Consolidated Edison|ED
|Editas Medicine|EDIT
|New Oriental Education & Tech Group|EDU
|Euronet Worldwide|EEFT
|Equifax|EFX
|Eldorado Gold Corporation|EGO
|EastGroup Properties|EGP
|Enhabit|EHAB
|Encompass Health Corp|EHC
|Employers Holdings|EIG
|Edison International|EIX
|Estee Lauder|EL
|Elanco Animal Health|ELAN
|ELF Beauty|ELF
|Elevance Health|ELV
|Embecta|EMBC
|EMCOR Group Inc|EME
|Eastman Chemical|EMN
|Emerson|EMR
|Enbridge|ENB
|EnLink Midstream LLC|ENLC
|Enphase Energy Inc|ENPH
|Energizer Holdings Inc|ENR
|Enersys|ENS
|Enanta Pharmaceuticals|ENTA
|Entegris|ENTG
|Envestnet|ENV
|Enova International|ENVA
|EOG Resources|EOG
|Enerpac Tool Group|EPAC
|EPAM Systems|EPAM
|Enterprise Products Partners|EPD
|EPR Properties|EPR
|Equity Distribution Acquisition Corp|EQD
|AXA Equitable Holdings|EQH
|Equinix|EQIX
|Equinor|EQNR
|Equity Residential|EQR
|EQRx|EQRX
|EQT Corporation|EQT
|Enerplus Corp|ERF
|Embraer|ERJ
|Eversource Energy|ES
|ESCO Technologies Inc|ESE
|Element Solutions|ESI
|Elbit Systems|ESLT
|Elastic|ESTC
|Energy Transfer Equity|ET
|E.Merge Technology Acquisition Corp|ETAC
|Entergy Corp|ETR
|Equitrans Midstream|ETRN
|Etsy|ETSY
|Evercore|EVR
|Evergy|EVRG
|Edwards Lifesciences|EW
|East West Bancorp|EWBC
|European Wax Center|EWCZ
|Exact Sciences Corporation|EXAS
|Exelon|EXC
|Exelixis|EXEL
|ExlService Holdings|EXLS
|Expedia|EXPE
|Extra Space Storage|EXR
|Ford|F
|First Advantage Corporation|FA
|Diamondback Energy Inc|FANG
|Fastenal Company|FAST
|Flagstar Bancorp Inc|FBC
|Fortune Brands|FBHS
|First Bancorp|FBP
|FuelCell Energy|FCEL
|FirstCash|FCFS
|FTI Consulting|FCN
|First Citizens BancShares|FCNCA
|Freeport|FCX
|Fresh Del Monte Produce|FDP
|FactSet Research Systems|FDS
|FedEx|FDX
|FirstEnergy|FE
|Franklin Electric|FELE
|FutureFuel|FF
|F5 Networks|FFIV
|First Foundation|FFWM
|FibroGen|FGEN
|First Hawaiian|FHB
|First Horizon National Corporation|FHN
|First Interstate Bancsystem|FIBK
|Fair Isaac|FICO
|FIS|FIS
|Fiserv|FISV
|Fifth Third Bancorp|FITB
|Five Below|FIVE
|Five9|FIVN
|National Beverage|FIZZ
|Foot Locker|FL
|Flextronics International|FLEX
|Fulgent Genetics Inc|FLGT
|Fluor Corporation|FLR
|FleetCor Technologies|FLT
|Flywire Corporation|FLYW
|FMC Corporation|FMC
|Fresenius Medical Care|FMS
|Fomento Economico Mexicano|FMX
|F.N.B. Corp|FNB
|Floor & Decor|FND
|Fidelity National Financial|FNF
|Franco-Nevada|FNV
|Amicus Therapeutics|FOLD
|ForgeRock, Inc.|FORG
|FormFactor, Inc.|FORM
|Forrester Research|FORR
|Shift4 Payments|FOUR
|21st Century Fox|FOXA
|Fox Factory Holding|FOXF
|Far Peak Acquisition Corp.|FPAC
|First Republic Bank|FRC
|Frequency Therapeutics|FREQ
|Freedom Holding Corp|FRHC
|JFrog Ltd|FROG
|Freshpet Inc|FRPT
|Freshworks|FRSH
|Federal Realty Investment Trust|FRT
|FS KKR Capital|FSK
|First Solar|FSLR
|Fastly|FSLY
|Fisker|FSR
|Federal Signal Corporation|FSS
|FirstService|FSV
|Fortress Transportation and Infrastructure Investors LLC|FTAI
|Farfetch|FTCH
|FinTech Acquisition Corp V|FTCV
|Frontdoor|FTDR
|TechnipFMC plc|FTI
|Fortinet|FTNT
|Fortis|FTS
|Fortive|FTV
|fuboTV|FUBO
|H.B. Fuller Company|FUL
|Fulton Financial Corporation|FULT
|Futu Holdings|FUTU
|Fiverr|FVRR
|Liberty Media Group|FWONK
|Frontier Communications Parent Inc|FYBR
|Genpact|G
|German American Bancorp|GABC
|GATX Corporation|GATX
|Glacier Bancorp Inc|GBCI
|Global Business Travel Group|GBTG
|General Dynamics|GD
|GoDaddy|GDDY
|Goodrx Holdings Inc|GDRX
|GDS Holdings|GDS
|General Electric|GE
|Grief Inc|GEF
|The GEO Group|GEO
|Guess|GES
|Getnet|GET
|Gold Fields|GFI
|GlobalFoundries|GFS
|Grupo Financiero Galicia|GGAL
|Gerdau S.A.|GGB
|Graco|GGG
|Guardant Health|GH
|CGI|GIB
|Gilead Sciences|GILD
|General Mills|GIS
|Globe Life|GL
|Global-E Online|GLBE
|Globant|GLOB
|Galapagos|GLPG
|Gaming & Leisure Properties|GLPI
|Corning|GLW
|General Motors|GM
|Genmab AS|GMAB
|GameStop|GME
|Globus Medical Inc|GMED
|GMS Inc|GMS
|Global Net Lease|GNL
|Generac Holdings|GNRC
|Gentex|GNTX
|Genworth Financial|GNW
|Grocery Outlet Holding|GO
|Canoo|GOEV
|Gol Intelligent Airlines|GOL
|Barrick Gold|GOLD
|Acushnet Holdings Corp|GOLF
|Alphabet (Class C)|GOOG
|Alphabet (Class A)|GOOGL
|Canada Goose Holdings|GOOS
|Genuine Parts|GPC
|Group 1 Automotive Inc|GPI
|Graphic Packaging Holding|GPK
|Global Payments|GPN
|Gulfport Energy|GPOR
|Green Plains|GPRE
|GoPro|GPRO
|GAP|GPS
|Grab Holdings|GRAB
|Garmin|GRMN
|Groupon|GRPN
|GrowGeneration|GRWG
|Goldman Sachs|GS
|Goosehead Insurance Inc|GSHD
|GlaxoSmithKline plc|GSK
|Goodyear|GT
|Gitlab|GTLB
|Getty Realty Corporation|GTY
|Guidewire Software|GWRE
|WW Grainger|GWW
|Hyatt Hotels|H
|Health Assurance Acquisition Corp|HAAC
|Haemonetics Corporation|HAE
|Halliburton|HAL
|Hasbro|HAS
|Hayward Holdings|HAYW
|Huntington Bancshares Incorporated|HBAN
|Hanesbrands|HBI
|HCA Healthcare|HCA
|Health Catalyst|HCAT
|Hutchison China|HCM
|Hashicorp|HCP
|Home Depot|HD
|HDFC Bank.|HDB
|Heico|HEI
|Helen Of Troy|HELE
|Hess Corporation|HES
|Hess Midstream Partners|HESM
|Hilton Grand Vacations|HGV
|Howard Hughes Corporation|HHC
|Hartford Financial Services Group|HIG
|Huntington Ingalls Industries|HII
|Himax Technologies|HIMX
|Highwoods Properties Inc|HIW
|Hecla Mining Co.|HL
|Herbalife|HLF
|Houlihan Lokey Inc|HLI
|Helios Technologies|HLIO
|Hilton|HLT
|Honda Motor|HMC
|Harmony Gold Mining Company Limited|HMY
|HNI Corp|HNI
|Harley-Davidson|HOG
|Hologic|HOLX
|Honeywell|HON
|Robinhood|HOOD
|Anywhere Real Estate Inc|HOUS
|Helmerich & Payne|HP
|Hewlett Packard|HPE
|Hudson Pacific Properties|HPP
|HP|HPQ
|H&R Block|HRB
|Hormel Foods Corporation|HRL
|HireRight|HRT
|HSBC|HSBC
|Henry Schein|HSIC
|Host Hotels & Resorts|HST
|The Hershey Company|HSY
|Huazhu Group|HTHT
|Heartland Express|HTLD
|Heartland Financial USA Inc|HTLF
|Hertz Global Holdings|HTZ
|Hubbell|HUBB
|Hub Group|HUBG
|HubSpot|HUBS
|USHG Acquisition Corp|HUGS
|Humana|HUM
|Huntsman Corporation|HUN
|HUYA|HUYA
|Hancock Whitney Corp|HWC
|Howmet Aerospace|HWM
|Hexcel Corporation|HXL
|Hyzon Motors|HYZN
|IAA|IAA
|Iamgold Corp|IAG
|Integra Lifesciences|IART
|Interactive Brokers|IBKR
|IBM|IBM
|ICICI Bank|IBN
|International Bancshares Corporation|IBOC
|Independent Bank Group|IBTX
|Intercontinental Exchange|ICE
|ICF International Inc|ICFI
|ICL Israel Chemicals|ICL
|Intercept Pharmaceuticals|ICPT
|ICU Medical|ICUI
|IDACORP|IDA
|InterDigital|IDCC
|IDEXX Laboratories|IDXX
|IDEX Corporation|IEX
|IGM Biosciences|IGMS
|International Game Technology|IGT
|Intercontinental Hotels Group|IHG
|Innovative Industrial Properties|IIPR
|II-VI|IIVI
|Illumina|ILMN
|I-MAB|IMAB
|IMAX Corporation|IMAX
|Immunocore Holdings|IMCR
|ImmunoGen|IMGN
|Imperial Oil|IMO
|Incyte|INCY
|Independent Bank|INDB
|indie Semiconductor|INDI
|Informatica|INFA
|Infinera Corporation|INFN
|Infosys|INFY
|Ingredion Incorporated|INGR
|Inmode|INMD
|Inovio Pharmaceuticals In|INO
|Inspire Medical Systems Inc|INSP
|Instructure|INST
|Intapp|INTA
|Intel|INTC
|Intuit|INTU
|Invitation Homes|INVH
|Ionis Pharmaceuticals|IONS
|Samsara|IOT
|International Paper Company|IP
|Inter Parfums|IPAR
|Interpublic Group of Companies|IPG
|IPG Photonics Corporation|IPGP
|Intrepid Potash|IPI
|Social Capital Hedosophia Holdings Corp IV|IPOD
|Social Capital Hedosophia Holdings Corp VI|IPOF
|iQIYI|IQ
|IQVIA Holdings|IQV
|Ingersoll Rand|IR
|iRobot|IRBT
|Iridium Communications|IRDM
|Iron Mountain|IRM
|ironSource|IS
|Intuitive Surgical|ISRG
|Gartner|IT
|Integer Holdings Corp|ITGR
|Iteos Therapeutics|ITOS
|Itron Inc|ITRI
|ITT Inc|ITT
|Itaú Unibanco|ITUB
|Illinois Tool Works|ITW
|Invesco Mortgage Capital|IVR
|Invesco|IVZ
|Jacobs Engineering Group|J
|Jack in the Box|JACK
|Jamf Holding|JAMF
|Jazz Pharmaceuticals|JAZZ
|JBG SMITH Properties|JBGS
|J.B. Hunt|JBHT
|Janus International Group|JBI
|Jabil Circuit|JBL
|JetBlue Airways|JBLU
|John Bean Technologies|JBT
|JD.com|JD
|Jefferies Financial Group|JEF
|Janus Henderson Group|JHG
|J&J Snack Foods|JJSF
|Jack Henry & Associates|JKHY
|Jinkosolar Holding|JKS
|Jones Lang LaSalle|JLL
|Jumia|JMIA
|J&J|JNJ
|Juniper Networks|JNPR
|Joby Aviation|JOBY
|St. Joe Company|JOE
|JPMorgan|JPM
|Nordstrom|JWN
|Kellogg's|K
|KKR Acquisition Holdings|KAHC
|Kaman|KAMN
|KAR Auction Services|KAR
|KB Financial Group|KB
|KB Home|KBH
|KBR|KBR
|Kyndryl|KD
|Keurig Dr Pepper|KDP
|Kirby Corporation|KEX
|KeyCorp.|KEY
|Keysight Technologies|KEYS
|Korn Ferry|KFY
|Kinross Gold Corporation|KGC
|Kraft Heinz|KHC
|Kimco Realty Corporation|KIM
|KKR & Co|KKR
|Kulicke and Soffa Industries|KLIC
|Kimberly-Clark|KMB
|Kinder Morgan|KMI
|Kemper|KMPR
|Kennametal Inc|KMT
|CarMax|KMX
|KnowBe4|KNBE
|Knight-Swift Transportation Holdings|KNX
|Coca-Cola|KO
|Katapult Holdings|KPLT
|Kroger Co|KR
|Kilroy Realty|KRC
|Kite Realty Group Trust|KRG
|Kornit Digital|KRNT
|Kronos Worldwide|KRO
|Kohl's|KSS
|KT|KT
|Kratos|KTOS
|Kura Oncology|KURA
|Quaker Chemical Corporation|KWR
|Loews Corporation|L
|Lithia Motors|LAD
|Lamar Advertising Company|LAMR
|Lancaster Colony|LANC
|Gladstone Land|LAND
|Laureate Education Inc|LAUR
|Lazard|LAZ
|Luminar Technologies|LAZR
|LendingClub|LC
|Lucid Group|LCID
|Leidos Holdings|LDOS
|Lear|LEA
|Lincoln Electric|LECO
|Leggett & Platt Incorporated|LEG
|Lennar|LEN
|Leslies Inc|LESL
|Levi Strauss & Co|LEVI
|Archaea Energy Inc|LFG
|Littelfuse|LFUS
|Laboratory Corporation of America Holdings|LH
|L3Harris Technologies|LHX
|Li Auto Inc.|LI
|Lennox International|LII
|Linde|LIN
|Lumentum Holdings|LITE
|Lakeland Financial Corporation|LKFN
|LKQ|LKQ
|Eli Lilly|LLY
|Lemonade|LMND
|Lockheed Martin|LMT
|Lincoln National Corporation|LNC
|Cheniere Energy|LNG
|Alliant Energy|LNT
|Live Oak Bancshares Inc|LOB
|Logitech International SA|LOGI
|Loma Negra Compania Industrial Argentina SA|LOMA
|Grand Canyon Education Inc|LOPE
|Lowe’s|LOW
|LG Display|LPL
|Louisiana-Pacific Corporation|LPX
|Lam Research|LRCX
|Stride|LRN
|Lattice Semiconductor Corp|LSCC
|Life Storage|LSI
|Lightspeed Commerce Inc|LSPD
|Landstar System|LSTR
|LTC Properties|LTC
|LIFE TIME GROUP HOLDINGS, INC.|LTH
|Livent|LTHM
|Lululemon|LULU
|Lumen Technologies|LUMN
|Southwest Airlines|LUV
|Las Vegas Sands|LVS
|Lamb Weston Holdings|LW
|LexinFintech Holdings|LX
|Lexicon Pharmaceuticals|LXRX
|Lyft|LYFT
|Live Nation Entertainment|LYV
|La-Z-Boy|LZB
|Macy's|M
|Mastercard|MA
|ManpowerGroup|MAN
|Manhattan Associates|MANH
|ManTech International|MANT
|Manchester United|MANU
|Marriott|MAR
|Marathon Digital Holdings|MARA
|Masco Corporation|MAS
|Masimo|MASI
|Mattel|MAT
|Matthews International Corporation|MATW
|Matson|MATX
|Maxeon Solar Technologies|MAXN
|Maxar Technologies|MAXR
|Merchants Bancorp|MBIN
|Mobile TeleSystems PJSC|MBT
|Malibu Boats|MBUU
|Moelis & Co|MC
|Metropolitan Bank|MCB
|McDonald’s|MCD
|Microchip Technology|MCHP
|McKesson Corporation|MCK
|Moody's|MCO
|MongoDB|MDB
|Mondelez|MDLZ
|Allscripts Healthcare Solutions|MDRX
|Medtronic|MDT
|23andMe Holding Co|ME
|Medpace Holdings Inc|MEDP
|MercadoLibre|MELI
|Methanex Corporation|MEOH
|Metlife|MET
|Meta Platforms|META
|MFA Financial|MFA
|Manulife Financial|MFC
|Mizuho Financial Group|MFG
|Magna International|MGA
|MoneyGram|MGI
|MGM Resorts|MGM
|Magnolia Oil & Gas Corp|MGY
|Mohawk Industries|MHK
|M/I Homes|MHO
|Middleby|MIDD
|Mirion Technologies|MIR
|McCormick & Company|MKC
|Markel Corp.|MKL
|MKS Instruments|MKSI
|MarketAxess|MKTX
|Melco Crown Entertainment Limited|MLCO
|Mueller Industries|MLI
|Martin Marietta Materials|MLM
|Marsh & McLennan|MMC
|3M|MMM
|Magellan Midstream Partners|MMP
|Merit Medical Systems|MMSI
|MakeMyTrip|MMYT
|Mandiant|MNDT
|Monday.com|MNDY
|Monster|MNST
|Momentus|MNTS
|Altria|MO
|Molina Healthcare|MOH
|Hello Group|MOMO
|Morningstar|MORN
|Mosaic Company, The|MOS
|MP Materials|MP
|Marathon Petroleum|MPC
|MPLX LP|MPLX
|Medical Properties Trust|MPW
|Marqeta|MQ
|Mercury Systems|MRCY
|Merck|MRK
|Moderna|MRNA
|Marathon Oil Corporation|MRO
|Merus|MRUS
|Maravai Lifesciences|MRVI
|Marvell Technology|MRVL
|Morgan Stanley|MS
|MSA Safety|MSA
|MSCI|MSCI
|Microsoft|MSFT
|Madison Square Garden Sports Corp|MSGS
|Motorola Solutions|MSI
|MSC Industrial Direct|MSM
|Microstrategy|MSTR
|ArcelorMittal|MT
|M&T Bank|MTB
|Match Group|MTCH
|Mettler-Toledo International|MTD
|Matador Resources|MTDR
|MGIC Investment|MTG
|Materialise|MTLS
|Vail Resorts|MTN
|Meritor|MTOR
|Matterport|MTTR
|Minerals Technologies Inc|MTX
|MasTec Inc|MTZ
|Micron Technology|MU
|MUFJ Financial Group|MUFG
|Murphy Oil Corporation|MUR
|Murphy USA|MUSA
|Microvision|MVIS
|Mueller Water Products|MWA
|Myovant Sciences|MYOV
|National Instruments|NATI
|Navient Corporation|NAVI
|National Bank Holdings|NBHC
|Neurocrine Biosciences|NBIX
|Norwegian Cruise Line Holdings|NCLH
|Ncino|NCNO
|NCR Corp|NCR
|Nasdaq OMX Group|NDAQ
|Nordson|NDSN
|NextEra Energy|NEE
|Newmont Mining|NEM
|Neogen Corporation|NEOG
|Cloudflare|NET
|New Relic|NEWR
|New Fortress Energy|NFE
|National Fuel Gas Company|NFG
|Netflix|NFLX
|NGM Biopharmaceuticals|NGM
|National HealthCare|NHC
|NiSource|NI
|NICE Systems|NICE
|NIO|NIO
|New Jersey Resources|NJR
|Nike|NKE
|Nikola Corporation|NKLA
|Nektar Therapeutics|NKTR
|NortonLifeLock|NLOK
|Annaly Capital Management|NLY
|New Mountain Finance Corporation|NMFC
|Nomura|NMR
|Nelnet Inc|NNI
|National Retail Properties|NNN
|Noah Holdings Limited|NOAH
|Northrop Grumman|NOC
|Nomad Foods|NOMD
|National Oilwell Varco|NOV
|Sunnova Energy International|NOVA
|Novanta|NOVT
|ServiceNow|NOW
|Enpro Industries|NPO
|NeoPhotonics|NPTN
|National Research|NRC
|Nerdy|NRDY
|NRG Energy|NRG
|New Residential Investment|NRZ
|NuStar Energy|NS
|National Storage Affiliates Trust|NSA
|Norfolk Southern Corporation|NSC
|Insight Enterprises|NSIT
|Insperity|NSP
|NetApp|NTAP
|Natura Holding S.A.|NTCO
|NetScout Systems Inc|NTCT
|NetEase|NTES
|Intellia Therapeutics Inc|NTLA
|Nutanix|NTNX
|Nutrien|NTR
|Natera|NTRA
|Northern Trust Corporation|NTRS
|Nu Holdings|NU
|Nucor|NUE
|Nu Skin Enterprises Inc|NUS
|NuVasive|NUVA
|Novavax|NVAX
|NovoCure|NVCR
|Nvidia|NVDA
|Nuvei|NVEI
|Nova|NVMI
|Novo Nordisk|NVO
|NVR|NVR
|Nevro Corp|NVRO
|Novartis AG|NVS
|Invitae Corporation|NVTA
|NorthWestern Corporation|NWE
|Newell Rubbermaid|NWL
|Northwest Natural Gas Co|NWN
|News Corporation|NWSA
|Nextgen Healthcare|NXGN
|NXP Semiconductors|NXPI
|Nexstar Media Group|NXST
|New York Community Bancorp|NYCB
|New York Mortgage Trust|NYMT
|New York Times|NYT
|Realty Income|O
|Origin Bancorp|OBNK
|Owens Corning|OC
|OceanFirst|OCFC
|Old Dominion Freight Line|ODFL
|Office Depot|ODP
|Omega Flex|OFLX
|OGE Energy|OGE
|Organon & Co.|OGN
|O-I Glass Inc|OI
|Oneok|OKE
|Okta|OKTA
|Universal Display|OLED
|Ollies Bargain Outlet Holdings|OLLI
|Olin|OLN
|Olaplex|OLPX
|Omnicom Group|OMC
|Omnicell|OMCL
|OneMain Holdings Inc|OMF
|Owens & Minor Inc|OMI
|ON Semiconductor|ON
|Old National Bancorp|ONB
|Orion Office REIT|ONL
|Onto Innovation Inc|ONTO
|Opendoor Technologies|OPEN
|OppFi|OPFI
|Opko Health|OPK
|Ormat Technologies|ORA
|Owl Rock Capital Corp|ORCC
|Oracle|ORCL
|Origin Materials|ORGN
|Old Republic International|ORI
|O'Reilly Auto Parts|ORLY
|Oscar Health Inc.|OSCR
|Oshkosh Corporation|OSK
|Overstock.com|OSTK
|Open Text|OTEX
|Otis Worldwide Corp|OTIS
|Oatly|OTLY
|Otter Tail Corporation|OTTR
|Outfront Media|OUT
|Encana Corporation|OVV
|Blue Owl Capital|OWL
|Occidental|OXY
|Bank Ozk|OZK
|Ozon|OZON
|Plains All American Pipeline|PAA
|Pan American Silver Corp|PAAS
|Pacific Biosciences of California|PACB
|PacWest Bancorp|PACW
|PagSeguro Digital Ltd|PAGS
|Pampa Energia SA|PAM
|Palo Alto Networks|PANW
|PAR Technology|PAR
|Paramount Global|PARAA
|UiPath|PATH
|Paycom Software|PAYC
|Payoneer Global|PAYO
|Paychex|PAYX
|Prosperity Bancshares|PB
|Pembina Pipeline|PBA
|PBF Energy|PBF
|Prestige Brands|PBH
|Pitney Bowes|PBI
|Petroleo Brasileiro S.A.|PBR
|Paccar|PCAR
|PG&E Corporation|PCG
|PotlatchDeltic Corp|PCH
|Paylocity|PCTY
|Vaxcyte|PCVX
|Pagerduty|PD
|PDC Energy Inc|PDCE
|Pinduoduo Inc|PDD
|Healthpeak Properties|PEAK
|Pebblebrook Hotel Trust|PEB
|PHILLIPS EDISON & COMPANY INC|PECO
|Public Service Enterprise Group|PEG
|Pegasystems|PEGA
|Penumbra|PEN
|Penn National Gaming Inc|PENN
|PepsiCo|PEP
|Perion Network|PERI
|PetMed Express|PETS
|Premier Financial Corp|PFC
|Pfizer|PFE
|Principal Financial Group|PFG
|Performance Food Group|PFGC
|Provident Financial Services Inc|PFSI
|P&G|PG
|Progressive|PGR
|PropertyGuru|PGRU
|Parker-Hannifin|PH
|Koninklijke Philips|PHG
|PulteGroup|PHM
|Impinj|PI
|Polaris Industries Inc|PII
|Premier|PINC
|Pinterest|PINS
|Piper Sandler Companies|PIPR
|Packaging Corp of America|PKG
|PerkinElmer|PKI
|POSCO|PKX
|Photronics|PLAB
|Dave & Buster's Entertainment|PLAY
|Prologis|PLD
|Planet Fitness|PLNT
|Playtika Holding|PLTK
|Palantir|PLTR
|Plug Power|PLUG
|Plexus Corp|PLXS
|Philip Morris|PM
|PNC Financial|PNC
|Pinnacle Financial Partners|PNFP
|Plantronics|POLY
|Pool Corp|POOL
|Portland General Electric Company|POR
|Poshmark|POSH
|Post Holdings|POST
|Power Integrations|POWI
|Pacific Premier Bancorp Inc|PPBI
|Pilgrims Pride Corp|PPC
|PPG Industries|PPG
|PPL Corporation|PPL
|PROCEPT BioRobotics|PRCT
|Perficient|PRFT
|Progress Software Corporation|PRGS
|Primerica|PRI
|Primoris Services Corporation|PRIM
|PROS Holdings|PRO
|CC Neuberger Principal Holdings II|PRPB
|Prudential Financial|PRU
|Public Storage|PSA
|PS Business Parks|PSB
|PriceSmart Inc|PSMT
|Parsons|PSN
|Polestar|PSNY
|Pure Storage|PSTG
|Pershing Square Tontine Holdings, Ltd.|PSTH
|Phillips 66|PSX
|PTC|PTC
|PTC Therapeutics Inc|PTCT
|Patterson-UTI Energy|PTEN
|Peloton Interactive|PTON
|PetroChina|PTR
|Proterra|PTRA
|Pubmatic|PUBM
|PVH Corp|PVH
|Quanta Services|PWR
|PowerSchool Holdings|PWSC
|Pioneer Natural Resources|PXD
|PAYCOR HCM INC|PYCR
|PayPal|PYPL
|Papa John's International|PZZA
|Qualcomm|QCOM
|Qiagen|QGEN
|Qualys|QLYS
|Qurate Retail|QRTEA
|Qorvo|QRVO
|QuantumScape|QS
|Restaurant Brands International|QSR
|Quanterix|QTRX
|Q2 Holdings|QTWO
|Ferrari|RACE
|Rite Aid|RAD
|Liveramp Holdings Inc|RAMP
|Ritchie Bros Auctioneers|RBA
|Roblox|RBLX
|Rogers Communications|RCI
|Royal Caribbean Cruises|RCL
|Redfin Corporation|RDFN
|Radian Group|RDN
|RadNet|RDNT
|Radius Health|RDUS
|Everest Re Group|RE
|RealReal|REAL
|Regency Centers|REG
|Regeneron Pharmaceuticals|REGN
|Remitly Global|RELY
|RPC|RES
|Reata Pharmaceuticals|RETA
|Resideo Technologies|REZI
|Regions Financial|RF
|Reinsurance Group of America|RGA
|Repligen|RGEN
|Royal Gold|RGLD
|Regenxbio|RGNX
|Sturm, Ruger & Co.|RGR
|Restoration Hardware Holdings|RH
|Robert Half International|RHI
|Ryman Hospitality Properties|RHP
|Rio Tinto|RIO
|Riot Blockchain|RIOT
|Rivian Automotive|RIVN
|Raymond James Financial|RJF
|Rocket Lab|RKLB
|Rocket Companies|RKT
|Rocket Internet Growth|RKTA
|Ralph Lauren|RL
|RLI Corp|RLI
|RE/MAX Holdings|RMAX
|Rambus|RMBS
|ResMed|RMD
|RingCentral|RNG
|Renasant Corporation|RNST
|Rogers Corporation|ROG
|Rockwell Automation|ROK
|Roku|ROKU
|Rollins|ROL
|RBC Bearings|ROLL
|Root Inc|ROOT
|Roper Technologies|ROP
|Ross Stores|ROST
|Rapid7|RPD
|RPM International|RPM
|Royalty Pharma|RPRX
|Range Resources Corporation|RRC
|Red Rock Resorts|RRR
|Regal Rexnord|RRX
|Reliance Steel & Aluminum|RS
|Republic Services|RSG
|Riskified|RSKD
|Raytheon Technologies Corporation|RTX
|Sunrun|RUN
|Revolve Group|RVLV
|Revance Therapeutics|RVNC
|Redwood Trust|RWT
|Rackspace Technology|RXT
|Royal Bank of Canada|RY
|Ryanair Holdings|RYAAY
|Ryan Specialty Group|RYAN
|Ryerson Holding|RYI
|Rayonier Inc|RYN
|SentinelOne|S
|Sanderson Farms|SAFM
|Safety Insurance Group|SAFT
|Sonic Automotive Inc|SAH
|Saia|SAIA
|Science Applications International Corp|SAIC
|Sailpoint Technologies Holdings|SAIL
|Sanmina Corporation|SANM
|SAP|SAP
|Sandy Spring Bancorp Inc|SASR
|EchoStar Corporation|SATS
|Cassava Sciences|SAVA
|Spirit Airlines|SAVE
|SBA Communications|SBAC
|Sally Beauty|SBH
|Signature Bank|SBNY
|Companhia de Saneamento Basico|SBS
|Sibanye-Stillwater|SBSW
|Starbucks|SBUX
|Southern Copper|SCCO
|Scholastic|SCHL
|Charles Schwab|SCHW
|Service Corporation International|SCI
|Stepan Company|SCL
|Steelcase|SCS
|Sea Limited|SE
|SeaWorld Entertainment Inc|SEAS
|Seaboard Corp.|SEB
|SolarEdge Technologies|SEDG
|Sealed Air|SEE
|SEI Investments|SEIC
|Seneca Foods|SENEA
|Stifel Financial|SF
|ServisFirst Bancshares|SFBS
|Stitch Fix|SFIX
|Sprouts Farmers Market|SFM
|Simmons First National Corporation|SFNC
|Seagen|SGEN
|Smart Global Holdings|SGH
|Sangamo Therapeutics|SGMO
|Shake Shack|SHAK
|Sotera Health|SHC
|Shell|SHEL
|Shenandoah Telecommunications|SHEN
|Shinhan Financial Group|SHG
|Shoals Technologies Group Inc|SHLS
|Steve Madden|SHOO
|Shopify|SHOP
|Sherwin-Williams|SHW
|The Shyft Group|SHYF
|Companhia Siderurgica Nacional|SID
|Signet Jewelers|SIG
|Selective Insurance Group Inc|SIGI
|Silk Road Medical|SILK
|Silicon Motion|SIMO
|Sirius XM|SIRI
|Site Centers Corp|SITC
|Sitime Corporation|SITM
|SVB Financial Group|SIVB
|Six Flags Entertainment|SIX
|South Jersey Industries|SJI
|JM Smucker|SJM
|Skillsoft Corp|SKIL
|Tanger Factory Outlet Centers|SKT
|Skechers|SKX
|Silicon Laboratories|SLAB
|Schlumberger|SLB
|US Silica Holdings|SLCA
|Sun Life Financial|SLF
|SL Green Realty Corp|SLG
|SLM Corporation|SLM
|Sylvamo|SLVM
|SM Energy Company|SM
|Smartsheet|SMAR
|Super Micro Computer Inc|SMCI
|Sumitomo Mitsui Financial Group|SMFG
|Sema4|SMFR
|The Scotts Miracle-Gro Company|SMG
|Simply Good Foods Co|SMPL
|Semtech Corporation|SMTC
|Snap-On|SNA
|Snap|SNAP
|Sleep Number|SNBR
|Schneider National|SNDR
|Stonex Group Inc|SNEX
|Snowflake|SNOW
|Synopsys|SNPS
|Synovus Financial Corp|SNV
|Synnex|SNX
|Sanofi|SNY
|Southern Company|SO
|SoFi Technologies|SOFI
|Sonoco Products Company|SON
|Sonos|SONO
|Sony|SONY
|Sovos Brands|SOVO
|Spectrum Brands Holdings|SPB
|Virgin Galactic|SPCE
|Simon Property|SPG
|S&P|SPGI
|Suburban Propane Partners|SPH
|Splunk|SPLK
|Spotify|SPOT
|Spirit Aerosystems Holdings Inc|SPR
|SPS Commerce|SPSC
|Sprout Social|SPT
|SpartanNash|SPTN
|SunPower|SPWR
|SPX Corp|SPXC
|Block|SQ
|Chemical & Mining Co. of Chile|SQM
|Squarespace|SQSP
|Spire|SR
|Spirit Realty Capital Inc|SRC
|1st Source|SRCE
|Stericycle|SRCL
|Sempra Energy|SRE
|Sarepta Therapeutics Inc|SRPT
|South State|SSB
|Simpson Manufacturing|SSD
|Sasol|SSL
|SS&C Technologies Holdings|SSNC
|SSR Mining|SSRM
|Sutter Rock Capital|SSSS
|System1|SST
|Sensata Technologies Holding|ST
|STAAR Surgical Company|STAA
|S&T Bancorp|STBA
|Stepstone Group|STEP
|Stellantis|STLA
|Steel Dynamics|STLD
|Stantec Inc|STN
|StoneCo|STNE
|Scorpio Tankers|STNG
|STORE Capital Corporation|STOR
|Strategic Education|STRA
|Starry|STRY
|State Street|STT
|Seagate Technology|STX
|Constellation Brands|STZ
|Suncor Energy|SU
|Sun Communities|SUI
|Summit Materials|SUM
|Sumo Logic Inc|SUMO
|Sunoco|SUN
|Grupo Supervielle|SUPV
|ShockWave Medical|SWAV
|Switch Inc|SWCH
|Stanley Black & Decker|SWK
|Skyworks Solutions|SWKS
|Southwestern Energy|SWN
|Southwest Gas Holdings|SWX
|Sensient Technologies|SXT
|Synchrony Financial|SYF
|Stryker|SYK
|Synaptics|SYNA
|Syneos Health|SYNH
|Sysco|SYY
|AT&T|T
|Takeda Pharmaceutical|TAK
|Tal Education Group|TAL
|Talkspace|TALK
|Talos Energy|TALO
|Molson Coors Brewing Company|TAP
|Taro Pharmaceutical|TARO
|TaskUs|TASK
|TrueBlue|TBI
|Triumph Bancorp|TBK
|Texas Capital Bancshares|TCBI
|Trip.com|TCOM
|Toronto-Dominion Bank|TD
|TransDigm|TDG
|Teladoc|TDOC
|Telephone and Data Systems Inc|TDS
|Teledyne Technologies|TDY
|Atlassian Corporation Plc|TEAM
|Bio-Techne|TECH
|Teck Resources|TECK
|TE Connectivity|TEL
|Tenable|TENB
|Teradyne|TER
|Teva Pharmaceutical Industries|TEVA
|Terex Corporation|TEX
|Truist Financial Corp|TFC
|Teleflex|TFX
|Triumph|TGI
|Tecnoglass|TGLS
|Tegna|TGNA
|Target|TGT
|Tenet Healthcare|THC
|The Hanover Insurance Group|THG
|Gentherm Inc|THRM
|Treehouse Foods Inc|THS
|UP Fintech|TIGR
|TIM S.A.|TIMB
|TELUS International|TIXT
|TJX Companies Inc|TJX
|Timken|TKR
|Tilray|TLRY
|Toyota|TM
|Tencent Music Entertainment Group|TME
|Thermo Fisher Scientific|TMO
|Timkensteel|TMST
|T-Mobile|TMUS
|Terminix Global Holdings Inc|TMX
|Tandem Diabetes Care|TNDM
|Trinet Group|TNET
|Toll Brothers|TOL
|Toast|TOST
|TPG Partners|TPG
|TPG Pace Beneficial Finance Corp.|TPGY
|TPI Composites|TPIC
|Texas Pacific Land Trust|TPL
|Tapestry|TPR
|Turning Point Therapeutics|TPTX
|Tempur Sealy|TPX
|Trex Company|TREX
|Targa Resources|TRGP
|Thomson Reuters|TRI
|TripAdvisor|TRIP
|Trimble|TRMB
|Trinity Industries Inc|TRN
|T. Rowe Price|TROW
|TransCanada Corporation|TRP
|TransUnion|TRU
|Trupanion|TRUP
|Travelers|TRV
|Tractor Supply Company|TSCO
|Tesla|TSLA
|Taiwan Semiconductor|TSM
|Tyson Foods|TSN
|TuSimple|TSP
|Toro|TTC
|Trade Desk|TTD
|TotalEnergies SE|TTE
|TTEC Holdings|TTEC
|Tetra Tech|TTEK
|TechTarget|TTGT
|Tata Motors|TTM
|Take-Two Interactive|TTWO
|Telus|TU
|Grupo Televisa, S.A.B.|TV
|Tivity Health Inc|TVTY
|Tradeweb Markets|TW
|Twilio|TWLO
|Hostess Brands Inc|TWNK
|Two Harbors Investment|TWO
|2U|TWOU
|Twist Bioscience Corp|TWST
|Twitter|TWTR
|10X Genomics|TXG
|Texas Instruments|TXN
|Texas Roadhouse|TXRH
|Textron|TXT
|Tyler Technologies|TYL
|Unity Software|U
|Under Armour (Class C)|UA
|Under Armour|UAA
|United Airlines|UAL
|Uber|UBER
|UBS Group AG|UBS
|Ultra Clean Holdings|UCTT
|Udemy|UDMY
|UDR|UDR
|Ufp Industries|UFPI
|UGI|UGI
|Ultrapar Participações|UGP
|Amerco|UHAL
|Universal Health Services|UHS
|Ubiquiti Networks|UI
|Ulta Beauty|ULTA
|UMB Financial Corp|UMBF
|United Microelectronics|UMC
|UMH Properties|UMH
|Umpqua Holdings Corporation|UMPQ
|Unifirst|UNF
|United Natural Foods Inc|UNFI
|UnitedHealth|UNH
|Uniti Group|UNIT
|Unum Group|UNM
|Union Pacific|UNP
|Univar|UNVR
|UPS|UPS
|Upstart Holdings|UPST
|Upwork Inc|UPWK
|Urban Outfitters|URBN
|United Rentals|URI
|US Bancorp|USB
|US Foods Holding|USFD
|United States Cellular Corporation|USM
|US Physical Therapy|USPH
|United Therapeutics|UTHR
|Utz Brands|UTZ
|Universal Corporation|UVV
|Visa|V
|Marriott Vacations Worldwide|VAC
|Valaris|VAL
|Vale|VALE
|Veritex Holdings Inc|VBTX
|Visteon Corp|VC
|Victory Capital Holdings Inc|VCTR
|Veeva Systems|VEEV
|Verve Therapeutics|VERV
|Vermilion Energy|VET
|VF Corporation|VFC
|Vonage Holdings|VG
|Vector Group|VGR
|Viavi Solutions|VIAV
|VICI Properties|VICI
|Vicor Corp|VICR
|Vipshop Holdings Limited|VIPS
|Vir Biotechnology Inc|VIR
|Virtu Financial Inc|VIRT
|Telefonica Brasil|VIV
|Meridian Bioscience|VIVO
|Valero|VLO
|Valley National Bancorp|VLY
|Vulcan Materials Company|VMC
|Valmont Industries|VMI
|VMware|VMW
|Voya Financial|VOYA
|Vroom Inc|VRM
|Varonis Systems|VRNS
|Verint Systems Inc.|VRNT
|Verisk Analytics|VRSK
|Verisign|VRSN
|Vertiv Holdings Co|VRT
|Vertex Pharmaceuticals|VRTX
|ViaSat|VSAT
|Victoria's Secret|VSCO
|Vishay Intertechnology Inc|VSH
|Vistra Energy|VST
|Vista Outdoor Inc|VSTO
|Bristow|VTOL
|Ventas|VTR
|Viatris|VTRS
|Valvoline|VVV
|Verizon|VZ
|Wayfair|W
|WABTEC Corporation|WAB
|Washington Federal Inc|WAFD
|Western Alliance Bancorporation|WAL
|Waldencast Acquisition Corp.|WALD
|Waters|WAT
|Weibo|WB
|Walgreens Boots|WBA
|Discovery|WBD
|Webster Financial Corporation|WBS
|Welbilt|WBT
|WESCO International|WCC
|Waste Connections|WCN
|Workday|WDAY
|Western Digital|WDC
|WD-40|WDFC
|Woodside Energy Group|WDS
|WEC Energy Group|WEC
|Welltower|WELL
|Wendy's Company|WEN
|Werner Enterprises|WERN
|WEX|WEX
|Wells Fargo|WFC
|West Fraser Timber|WFG
|Wyndham Hotels & Resorts|WH
|Cactus|WHD
|Whirlpool|WHR
|Wingstop|WING
|Encore Wire|WIRE
|ContextLogic|WISH
|Wipro|WIT
|Wix.com Ltd|WIX
|Workiva|WK
|Workhorse Group Inc|WKHS
|WalkMe|WKME
|Willdan Group|WLDN
|Westlake Chemical|WLK
|Waste Management|WM
|Williams Companies|WMB
|Warner Music Group|WMG
|Weis Markets Inc|WMK
|Walmart|WMT
|WNS Holdings|WNS
|Wolfspeed|WOLF
|Petco Health and Wellness Company|WOOF
|Worthington Industries Inc|WOR
|W. P. Carey|WPC
|WR Berkley|WRB
|Warby Parker|WRBY
|WestRock|WRK
|World Acceptance Corporation|WRLD
|WesBanco Inc|WSBC
|Williams-Sonoma|WSM
|Watsco|WSO
|West Pharmaceutical Services|WST
|Wintrust Financial|WTFC
|White Mountains Insurance Group|WTM
|Essential Utilities|WTRG
|Watts Water Technologies|WTS
|Western Union|WU
|Woodward|WWD
|World Wrestling Entertainment|WWE
|Wolverine World Wide Inc|WWW
|Weyerhaeuser Co.|WY
|Wynn Resorts|WYNN
|United States Steel|X
|Xcel Energy|XEL
|Xenon Pharmaceuticals Inc|XENE
|Exagen|XGN
|Qualtrics International|XM
|Xometry, Inc.|XMTR
|Exxon Mobil|XOM
|XP|XP
|Xpeng|XPEV
|XPO Logistics|XPO
|DPCM Capital Inc.|XPOA
|Dentsply|XRAY
|Xerox|XRX
|Xylem|XYL
|Alleghany Corporation|Y
|Yelp Inc|YELP
|YETI Holdings Inc|YETI
|Clear Secure|YOU
|YPF|YPF
|Yum! Brands|YUM
|Yum! China Holdings|YUMC
|YY|YY
|Zillow Group|Z
|Zimmer Biomet|ZBH
|Zebra Technologies|ZBRA
|Ziff Davis|ZD
|Zendesk|ZEN
|Zillow|ZG
|ZoomInfo Technologies|ZI
|Zimvie|ZIMV
|Zions Bancorporation|ZION
|ZipRecruiter|ZIP
|Zai Lab|ZLAB
|Zoom|ZM
|China Southern Airlines|ZNH
|Zscaler|ZS
|ZTO Express|ZTO
|Zoetis|ZTS
|Zuora|ZUO
|Zurn Water Solutions Corp|ZWS